{"cameraMode":{"drawMode":0,"name":"Shaded","section":"Shading Mode"},"sceneLighting":false,"audioPlay":false,"sceneViewState":{"m_AlwaysRefresh":false,"showFog":true,"showSkybox":false,"showFlares":true,"showImageEffects":true,"showParticleSystems":true,"showVisualEffectGraphs":true,"m_FxEnabled":true},"in2DMode":false,"pivot":{"x":-9.086000442504883,"y":2.0209083557128908,"z":6.8021111488342289},"rotation":{"x":-0.07172290235757828,"y":0.2318185269832611,"z":-0.01714128628373146,"w":-0.9699616432189941},"size":0.45140519738197329,"orthographic":false}