{"cameraMode":{"drawMode":0,"name":"Shaded","section":"Shading Mode"},"sceneLighting":false,"audioPlay":false,"sceneViewState":{"m_AlwaysRefresh":false,"showFog":true,"showSkybox":false,"showFlares":true,"showImageEffects":true,"showParticleSystems":true,"showVisualEffectGraphs":true,"m_FxEnabled":true},"in2DMode":false,"pivot":{"x":1383.5179443359375,"y":545.5352783203125,"z":-13.7847900390625},"rotation":{"x":0.024299385026097299,"y":0.025485394522547723,"z":-0.0006188364932313561,"w":0.9993851780891419},"size":696.925537109375,"orthographic":false}