{"cameraMode":{"drawMode":0,"name":"Shaded","section":"Shading Mode"},"sceneLighting":false,"audioPlay":false,"sceneViewState":{"m_AlwaysRefresh":false,"showFog":true,"showSkybox":false,"showFlares":true,"showImageEffects":true,"showParticleSystems":true,"showVisualEffectGraphs":true,"m_FxEnabled":true},"in2DMode":false,"pivot":{"x":-0.05536447465419769,"y":1.377108097076416,"z":0.12256073951721192},"rotation":{"x":0.23646150529384614,"y":-0.026235654950141908,"z":0.006384989246726036,"w":0.9712728261947632},"size":1.9206520318984986,"orthographic":false}