{"cameraMode":{"drawMode":0,"name":"Shaded","section":"Shading Mode"},"sceneLighting":false,"audioPlay":false,"sceneViewState":{"m_AlwaysRefresh":false,"showFog":true,"showSkybox":false,"showFlares":true,"showImageEffects":true,"showParticleSystems":true,"showVisualEffectGraphs":true,"m_FxEnabled":true},"in2DMode":false,"pivot":{"x":0.16952204704284669,"y":2.1133768558502199,"z":-0.08083999156951904},"rotation":{"x":0.05960153415799141,"y":0.39043623208999636,"z":-0.025339554995298387,"w":0.9183548092842102},"size":2.4574859142303469,"orthographic":false}