{"cameraMode":{"drawMode":0,"name":"Shaded","section":"Shading Mode"},"sceneLighting":true,"audioPlay":false,"sceneViewState":{"m_AlwaysRefresh":false,"showFog":true,"showSkybox":true,"showFlares":true,"showImageEffects":true,"showParticleSystems":true,"showVisualEffectGraphs":true,"m_FxEnabled":true},"in2DMode":false,"pivot":{"x":17.20132827758789,"y":2.1238012313842775,"z":5.2013397216796879},"rotation":{"x":0.030283886939287187,"y":0.9461632370948792,"z":-0.09283962845802307,"w":0.3086218237876892},"size":12.669951438903809,"orthographic":false}