{"cameraMode":{"drawMode":0,"name":"Shaded","section":"Shading Mode"},"sceneLighting":true,"audioPlay":false,"sceneViewState":{"m_AlwaysRefresh":false,"showFog":true,"showSkybox":true,"showFlares":true,"showImageEffects":true,"showParticleSystems":true,"showVisualEffectGraphs":true,"m_FxEnabled":true},"in2DMode":false,"pivot":{"x":12.302559852600098,"y":1.8636418581008912,"z":0.13478922843933106},"rotation":{"x":-0.04820462316274643,"y":0.8868480324745178,"z":-0.09508580714464188,"w":-0.4495953917503357},"size":3.1309943199157717,"orthographic":false}