{"cameraMode":{"drawMode":0,"name":"Shaded","section":"Shading Mode"},"sceneLighting":true,"audioPlay":false,"sceneViewState":{"m_AlwaysRefresh":false,"showFog":true,"showSkybox":true,"showFlares":true,"showImageEffects":true,"showParticleSystems":true,"showVisualEffectGraphs":true,"m_FxEnabled":true},"in2DMode":false,"pivot":{"x":-0.048698484897613528,"y":1.3776731491088868,"z":0.01691681146621704},"rotation":{"x":-0.0643010213971138,"y":0.9053887724876404,"z":-0.14825473725795747,"w":-0.3926469087600708},"size":1.231233835220337,"orthographic":false}