{"cameraMode":{"drawMode":0,"name":"Shaded","section":"Shading Mode"},"sceneLighting":false,"audioPlay":false,"sceneViewState":{"m_AlwaysRefresh":false,"showFog":true,"showSkybox":false,"showFlares":true,"showImageEffects":true,"showParticleSystems":true,"showVisualEffectGraphs":true,"m_FxEnabled":true},"in2DMode":false,"pivot":{"x":0.000002086162567138672,"y":1.0672707557678223,"z":0.11773937940597534},"rotation":{"x":-0.0643010213971138,"y":0.9053887724876404,"z":-0.14825473725795747,"w":-0.3926469087600708},"size":1.585230827331543,"orthographic":false}